Date,Candidates,Trades,Pnl,Target_Achieved,Blocked_By_Context,Market_Breadth_20,Market_Return_1D,Market_Return_5D,Sox_Ret_1D,Sox_Ret_5D,Tech_Gate,Night_Return_Pct
2026-08-25,0,0,0.0,False,False,0.0,,,,,,
2026-08-26,0,0,0.0,False,False,0.0,5.6082830025894204e-05,,,,,
2026-08-27,0,0,0.0,False,False,0.0,0.015548567435359928,,,,,
2026-08-28,0,0,0.0,False,False,0.0,0.008055712403538418,,,,,
2026-08-31,0,0,0.0,False,False,0.0,0.001082625304617002,,,,,
2026-09-01,0,0,0.0,False,False,0.0,-0.007153360826774924,0.01753019844693693,,,,
2026-09-02,0,0,0.0,False,False,0.0,0.014247079952829145,0.03204829567513012,,,,
2026-09-03,0,0,0.0,False,False,0.0,-0.013061794908148183,0.0029299203212246883,,,,
2026-09-04,0,0,0.0,False,False,0.0,-0.006023921017391798,-0.011093822037805401,,,,
