order_id,signal_date,execution_date,event_time,ticker,upstream_rank,score,selection_mode,reference_close,limit_price,open_price,status,fill_price,atr,tp_price,sl_price,shares,message
top2_score_v1:2026-08-14:2059:buy,2026-08-14,2026-08-17,2026-08-24T13:31:23.161627+08:00,2059,1,4.0,auto,12235.0,12235.0,,PENDING,,771.6538347000686,,,0,Order placed for next session
top2_score_v1:2026-08-14:6213:buy,2026-08-14,2026-08-17,2026-08-24T13:31:23.320027+08:00,6213,2,3.9333,auto,469.0,469.0,,PENDING,,26.639993447165544,,,0,Order placed for next session
top2_score_v1:2026-08-14:2059:buy,2026-08-14,2026-08-17,2026-08-25T18:05:33.602393+08:00,2059,1,4.0,auto,12235.0,12235.0,,CANCELLED_EXPIRED,,771.6538347000686,,,0,Order expired before execution (2026-08-17 < 2026-08-25)
top2_score_v1:2026-08-14:6213:buy,2026-08-14,2026-08-17,2026-08-25T18:05:33.602433+08:00,6213,2,3.9333,auto,469.0,469.0,,CANCELLED_EXPIRED,,26.639993447165544,,,0,Order expired before execution (2026-08-17 < 2026-08-25)
top2_score_v1:2026-09-03:3406:buy,2026-09-03,2026-09-04,2026-09-08T13:34:22.526684+08:00,3406,1,4.0,auto,991.0,991.0,,PENDING,,57.65,,,0,Order placed for next session
top2_score_v1:2026-09-03:3008:buy,2026-09-03,2026-09-04,2026-09-08T13:34:22.526811+08:00,3008,2,3.9333,auto,7150.0,7150.0,,PENDING,,421.8792,,,0,Order placed for next session
top2_score_v1:2026-09-03:3406:buy,2026-09-03,2026-09-04,2026-09-09T18:05:56.082000+08:00,3406,1,4.0,auto,991.0,991.0,,CANCELLED_EXPIRED,,57.65,,,0,Order expired before execution (2026-09-04 < 2026-09-09)
top2_score_v1:2026-09-03:3008:buy,2026-09-03,2026-09-04,2026-09-09T18:05:56.082034+08:00,3008,2,3.9333,auto,7150.0,7150.0,,CANCELLED_EXPIRED,,421.8792,,,0,Order expired before execution (2026-09-04 < 2026-09-09)
top2_score_v1:2026-09-29:3605:buy,2026-09-29,2026-09-30,2026-09-29T22:22:47.196209+08:00,3605,1,4.0,auto,183.5,183.5,,PENDING,,12.1,,,0,Order placed for next session
top2_score_v1:2026-09-29:3443:buy,2026-09-29,2026-09-30,2026-09-29T22:22:47.196328+08:00,3443,2,3.9333,auto,8525.0,8525.0,,PENDING,,420.75,,,0,Order placed for next session
top2_score_v1:2026-09-29:3605:buy,2026-09-29,2026-09-30,2026-09-30T13:57:52.392167+08:00,3605,1,4.0,auto,183.5,183.5,183.0,FILLED,183.0,12.1,231.4,146.7,109,Filled at open 183.00
top2_score_v1:2026-09-29:3443:buy,2026-09-29,2026-09-30,2026-09-30T13:57:52.392283+08:00,3443,2,3.9333,auto,8525.0,8525.0,8090.0,CANCELLED_INSUFFICIENT_CASH,,420.75,,,0,Insufficient cash to buy 1 share while preserving reserve 0
